step	learning_rate
0	0.0009933333333333333
1	0.0009866666666666667
2	0.00098
3	0.0009733333333333334
4	0.0009666666666666667
5	0.00096
6	0.0009533333333333334
7	0.0009466666666666667
8	0.00094
9	0.0009333333333333333
10	0.0009266666666666667
11	0.00092
12	0.0009133333333333334
13	0.0009066666666666666
